id,titular,medios,categoria_esperada,ambito_esperado,tipo_esperado,ciudad_esperada,util_esperado,grupo,nota_claude,revisado_por_fernando,spike_seccion,spike_temas,spike_ambito,spike_ciudad,link,comentario_fernando
0,Retiro de poste permitirá renovar el sistema sanitario en la avenida Rodolfo Baquerizo Nazur,Extra; Municipio de Guayaquil; expreso.ec,obras_servicios,guayaquil,accion,Guayaquil,si,G1,caso del poste: el retiro es la accion,si,sociedad,Empleo; Salud,guayaquil,Guayaquil,https://guayaquil.gob.ec/renovacion-sistema-sanitario-rodolfo-baquerizo-nazur/?utm_source=rss&utm_medium=rss&utm_campaign=renovacion-sistema-sanitario-rodolfo-baquerizo-nazur,
1,"Poste de energía sobre línea de estructura subterránea provocó el retraso de las obras en La Alborada, según el Municipio de Guayaquil",El Universo; El Universo (Guayaquil),obras_servicios,guayaquil,declaracion,Guayaquil,si,G1,caso del poste: 'segun el Municipio' = declaracion de parte interesada,si,economia,Empleo; Petroleo/Energia,guayaquil,Guayaquil,https://eluniverso.com/guayaquil/comunidad/poste-de-energia-sobre-linea-de-estructura-subterranea-provoco-el-retraso-de-las-obras-en-la-alborada-segun-el-municipio-de-guayaquil-nota/,
2,US Supreme Court lets Trump resume deportations to third countries,Al Jazeera; CBC News (World); SCMP; Straits Times; The Guardian; The Hindu; The Japan Times,justicia,mundo,accion,Estados Unidos,si,G2,mismo fallo que la fila 3 (otro idioma),si,politica,Ejecutivo; Justicia/Corrupcion; Migracion,mundo,,https://www.straitstimes.com/world/supreme-court-lets-trump-resume-third-country-deportations,
3,El Tribunal Supremo de EE. UU. permite a Trump reanudar las deportaciones a terceros países,El Mercurio; El Tiempo (Colombia); Expreso; France24 (ES); Infobae; RFI (ES),justicia,mundo,accion,Estados Unidos,si,G2,,,sociedad,Ejecutivo; Justicia/Corrupcion; Migracion,mundo,,https://www.france24.com/es/minuto-a-minuto/20260929-el-tribunal-supremo-de-ee-uu-permite-a-trump-reanudar-las-deportaciones-a-terceros-pa%C3%ADses,
4,Cristiano Ronaldo misses Portugal training as coach Jorge Jesus denies rift,Al Jazeera; Euronews (ES); Infobae; TC Television,entretenimiento_deporte,mundo,accion,Portugal,no,,deporte en ingles: basura,,general,,mundo,,https://www.aljazeera.com/sports/2026/9/30/cristiano-ronaldo-misses-portugal-training-as-coach-jorge-jesus-denies-rift?traffic_source=rss,
5,"Capturan a José Walther Manrique en España, esposo de Karla Saud, ambos vinculados al caso Progen",El Comercio; El Mercurio; El Universo; Expreso,justicia,ecuador,accion,Ecuador (nacional),si,,caso Progen: es de Ecuador aunque la captura sea en Espana,,politica,Ejecutivo; Justicia/Corrupcion; Petroleo/Energia,mundo,,https://eluniverso.com/noticias/seguridad/capturan-a-jose-walther-manrique-en-espana-esposo-de-karla-saud-ambos-vinculados-al-caso-progen-nota/,
6,New Jerson cumplirá en libertad la condena de tres años por asociación ilícita: ¿por qué?,El Comercio; El Diario (Manabi); Primicias,justicia,ecuador,accion,Ecuador (nacional),si,,New Jerson: caso ecuatoriano,,general,Justicia/Corrupcion,mundo,,https://www.eldiario.ec/seguridad/new-jerson-cumplira-en-libertad-la-condena-de-tres-anos-por-asociacion-ilicita-por-que-29092026/,
7,"Brazil's Lula, Flavio Bolsonaro still tied in presidential runoff scenario, Atlas poll shows",France24 (ES); Infobae; Straits Times,politica,mundo,dato,Brasil,si,G3,encuesta Atlas (empate),,politica,Crimen/Violencia; Ejecutivo; Elecciones,mundo,,https://www.straitstimes.com/world/brazils-lula-flavio-bolsonaro-still-tied-in-presidential-runoff-scenario-atlas-poll-shows,
8,"Una nueva encuesta enfrentó a Lula y Bolsonaro Jr. en Brasil: la diferencia es de 0,1 puntos",Infobae; La Nacion (AR),politica,mundo,dato,Brasil,si,G3,"0,1 puntos = la misma encuesta Atlas? REVISAR",si,general,Ejecutivo; Elecciones,mundo,,https://www.lanacion.com.ar/el-mundo/una-nueva-encuesta-enfrento-a-lula-y-bolsonaro-jr-en-brasil-la-diferencia-es-de-01-puntos-nid29092026/,
9,"La última encuesta de Quaest: Lula, con 39%, y Flavio Bolsonaro, con 34%, para las elecciones Brasil 2026",Confirmado; La Nacion (AR),politica,mundo,dato,Brasil,si,,Quaest es otra encuesta: no se une con G3,,politica,Ejecutivo; Elecciones,mundo,,https://www.lanacion.com.ar/el-mundo/la-ultima-encuesta-de-quaest-lula-con-39-y-flavio-bolsonaro-con-34-para-las-elecciones-brasil-2026-nid28092026/,
10,"Alejandro, de 3 años, lucha con la fibrosis quística: “Pido a la gente de buen corazón que me ayude”",Expreso,salud,guayaquil,declaracion,Guayaquil,si,,historia humana,,general,otros,guayaquil,Guayaquil,https://www.expreso.ec/ecuador/alejandro-3-anos-lucha-fibrosis-quistica-pido-gente-buen-corazon-me-ayude-297630.html,
11,Juan Carlos Silva Nowak apela ante el TCE dictamen del CNE sobre su candidatura en Samborondón,Expreso; expreso.ec,politica,guayaquil,accion,Samborondon,si,,,,politica,Elecciones,guayaquil,Samborondón,https://www.expreso.ec/guayaquil/juan-carlos-silva-nowak-apela-tce-dictamen-cne-sobre-candidatura-samborondon-297641.html,
12,Bloque de Seguridad ejecutó operativo en el sector de la Florida en Guayaquil,El Universo; eluniverso.com,seguridad,guayaquil,accion,Guayaquil,si,,,,politica,Policia/Militar,guayaquil,Guayaquil,https://eluniverso.com/noticias/politica/bloque-de-seguridad-ejecuto-operativo-en-el-sector-de-la-florida-en-guayaquil-nota/,
13,Samborondón ampliará las zonas arborizadas: 300 árboles llegarán a la avenida y luego intervendrán los viales 5 y 8,El Universo; El Universo (Guayaquil); expreso.ec,obras_servicios,guayaquil,anuncio,Samborondon,si,,,,general,otros,guayaquil,Samborondón,https://eluniverso.com/guayaquil/comunidad/samborondon-ampliara-las-zonas-arborizadas-300-arboles-llegaran-a-la-avenida-y-luego-intervendran-los-viales-5-y-8-nota/,
14,"Cynthia Viteri lidera simulación de voto para la Alcaldía de Guayaquil con 35,63 %, según Click Research",El Universo; eltelegrafo.com.ec,politica,guayaquil,dato,Guayaquil,si,,,,politica,Elecciones,guayaquil,Guayaquil,https://news.google.com/rss/articles/CBMi2wFBVV95cUxQVG5oZkpHQldVNnJncWVrenFPY2tJYjIwaXZwd1M5SDJmd2pqOEtZVndEaFY0MkhpaU96YWlCb3pGX2lQTnBXR3YzM2wxNEp1WVhfVWFiU1BGSFFlcENyOUJQUGJlNW1tQjZvX3ZCUGE1WGU1TGU3cjQyWi1BSEZlSmlvTDdGQnNvd0w2N25RNDY1Ni00TndTQ2xmTHZKTU5xSV9Nb0xTV01RX1VtX0F3OHRXR3pRcTA4UGtqOEM3SkpPMlJMdklrU0owYzFsQWoyRWktaVJHZTkyZnPSAe8BQVVfeXFMTnNuSm5aSjhrV2NXMTlzWHl1U3BRczFoSFhZSFk5YTBJZ20xcENWSFQyNmI4NEt4UzhGdm9UVEtBdEphMnFtaWZLd29DblEzQUh1dVRyRkt1QW9ubjQ4SVNCWmR4Z2s3RjltMW90THlnRWk4aVVSZEtUSFcxejNjdzljX0phdWVqNmx3T3ZyYkpmSkoxbkJXUmpGNEdlbVBGWFpGYVQ5NnRfNzQ1aU9FTjlzajAxQjUtTE5PeUs3anc3RVNESFBJcHF1T05DdWx2WGxKS2NMb0kzWEdzSjZhSEhyNWNEalkwaDEwcmtMLWs?oc=5,
15,“Esto sucede a diario”: usuarios cuentan cómo ocurren los robos en la Metrovía de Guayaquil,Expreso; expreso.ec,seguridad,guayaquil,declaracion,Guayaquil,si,,testimonios de usuarios,,general,Policia/Militar,guayaquil,Guayaquil,https://news.google.com/rss/articles/CBMizgFBVV95cUxQM0FlYkkxbVRtbzlkVlI3LVlnWjhyRGdTeFNTZWV5Q3lKc0JkaWlobjRid3AwOHRTaGVRZUF1MkcxTk10YWY0WHNHcFR5RXZmVHFZSjJSdUhET0Y2MG55dFdiMDRPOEJTb0FFb2FmSk5XUGxKS3MzaW9ZZnZRX0NYaVFicFprV19kWUFwZzRFR25QTjh2c1k2UHRHQkJkam5kb2pYVG5QQjlrS1U3MWY0MDViV1lZdDBuRV93di1YYW0wN1dFbVV6WVMwOEtoZw?oc=5,
16,Festival EDOC abrió su cartelera en Guayaquil: estos son los directores y películas que conforman el festival,El Universo; Infobae,sociedad_cultura,guayaquil,accion,Guayaquil,si,,,,seguridad,Cultura/Comunidad,guayaquil,Guayaquil,https://news.google.com/rss/articles/CBMi9AFBVV95cUxPYkROUXZ6NWlESGlDX0JodVh0enhtRy1OTE16QWRzWXlKRVIzVjYwVnlud1U5a2JtRnktendlQ1NxbFFENzNGY0dvMmNWcW1qeGdyVnJMVzlXUVhMaFQ4WS1oYkJmcVlsQnhFN1lya2RZeFJlQ2tyS3YxVEF0X25yLTVmak9MT2NwZm14eDNaRTNXM1ZlU1I1X0E5UGo1Rnk3cURoZ0NIYVpnNmhiQUl4ZzN6Uzg2ZVYxeTVmeGdfZTBoVGltRmVjcFZRcGpWMEIwMTdUclR0YmNrdUZKTVY4UVNaWkt3NWJmY3YzNDIwZXZHWHh00gGIAkFVX3lxTE8xdnl1djgwZ25fRVUyX3dWNTBhTE5KaHNBN0dUbEw1Yng2a2EtN1lMUGxiUTJuTGFwRmNjbjRSOTFVczBtQ0l2NGR3MVRhb3BzYU9INDl1d1pJSXVYQ3dSZm9faEI1SFhVVnBYRWpkWC1sQ1l3TlRqREpNX1FPMU15UV90OHZUcnVNWGVLaEdRV0NTRkpNRGtDa3Y2U1pMVV8wRU5IY3FtZm9RT0ZlcFl4YjFXbEVZOHFGM29wX1NITHpuR3RwMTJGbEk1cTVOVTcwVzBWQm5mbUdVRWNRZVZzSU5XOXhMc3NMQTB3Qk5HTDhsbWUyOTNHYTIxaWlTRkQ5UFBBYTdOYQ?oc=5,
17,Celec recupera 145 MW de termoeléctricas de Guayaquil,El Comercio; El Comercio Ecuador; ElOriente.com,obras_servicios,guayaquil,accion,Guayaquil,si,G6,145 MW: mismo hecho que la fila 60,,general,otros,guayaquil,Guayaquil,https://www.elcomercio.com/actualidad/negocios/celec-recupera-145-mw-de-termoelectricas-de-guayaquil/,
18,Autoridades intervienen una supuesta clínica de adicciones en Guayaquil y hallan a personas requeridas por la justicia,El Universo,seguridad,guayaquil,accion,Guayaquil,si,,,,politica,Salud,guayaquil,Guayaquil,https://eluniverso.com/noticias/seguridad/autoridades-intervienen-una-supuesta-clinica-de-adicciones-en-guayaquil-y-hallan-a-personas-requeridas-por-la-justicia-nota/,
19,Cortes de servicio en Guayaquil — 29 sep,Ecuavisa; El Diario (Manabi); El Universo; Extra; Primicias; Vistazo; eldiario.ec; eltelegrafo.com.ec; eluniverso.com; expreso.ec; extra.ec,obras_servicios,guayaquil,anuncio,Guayaquil,si,,cortes programados,,politica,Petroleo/Energia,guayaquil,Guayaquil,https://www.eldiario.ec/guayaquil/corte-de-agua-en-guayaquil-esta-semana-zonas-sin-servicio-29092026/,
20,Aerolíneas extranjeras podrían vender vuelos entre Quito y Guayaquil con nueva Ley de Aviación Civil,eltelegrafo.com.ec,movilidad,ecuador,anuncio,Ecuador (nacional),si,,"ley nacional, no es de Guayaquil",,politica,Asamblea/Leyes,guayaquil,Guayaquil,https://news.google.com/rss/articles/CBMi6wFBVV95cUxNd2VTUUFEWFMxSXFPd2ZXcEpJUGRYbTFMUnhyR0RlT0JsZkxNU3EtNVl0YlExTGMybzFLTFczTTdtVFZRQTVpMHVUQjZMalFSb29SVTFmVWt5YXE1S0plVW81bUxaRkE4RDQ1aWtsRW03OEZ6WG16Nmt0Yld1QXRPelZ2dzJDVEpiQmRKeEpFNjI4SmpVcV85YzRQSFhQdzY3NEFXdy1EQ055eWNVLXBrUXpYS25LS1FIa1pkS0pnVEJzTEx4RFdWVVl4ZDhuWlp2QlZ0N2xhRlBXYUpFbDBOMlMwcHQycmxaZk9j?oc=5,
21,Sujetos asaltaron la agencia sur del Municipio de Samborondón: sustrajeron valores recaudados en caja,Vistazo,seguridad,guayaquil,accion,Samborondon,si,,,,general,,guayaquil,Samborondón,https://news.google.com/rss/articles/CBMi1AFBVV95cUxOVDhoczd3OU5Vd2dEZmN3WnpZWEhwR09VTUUwVXZJRnU5OGpRU1VzemJzSXRoMXdoWFoyM2EyREVoWktXQ3pxaDd3aGxGel9zbkk1YUdIVUtENW5RSEo1QUZtQlktbHgwdkJlazRnU05JT2RwYzUtdU05a0tseV8wQVFzZXV2Y256Nm0ydEhtZDhRQ0trRHV1UFR1N0VndXVHU0NlUzlMNHhINk9CQlhlTXh1RXUxcHg0QmhnNXc0X1BGRGJUNXNkbUlKU0RPeFFfZXllQtIB1AFBVV95cUxOVDhoczd3OU5Vd2dEZmN3WnpZWEhwR09VTUUwVXZJRnU5OGpRU1VzemJzSXRoMXdoWFoyM2EyREVoWktXQ3pxaDd3aGxGel9zbkk1YUdIVUtENW5RSEo1QUZtQlktbHgwdkJlazRnU05JT2RwYzUtdU05a0tseV8wQVFzZXV2Y256Nm0ydEhtZDhRQ0trRHV1UFR1N0VndXVHU0NlUzlMNHhINk9CQlhlTXh1RXUxcHg0QmhnNXc0X1BGRGJUNXNkbUlKU0RPeFFfZXllQg?oc=5,
22,Más de 400 becas abren el camino a carreras tecnológicas de alta demanda,El Universo; El Universo (Guayaquil); Municipio de Guayaquil; Vistazo,educacion,guayaquil,anuncio,Guayaquil,si,,no dice ciudad en el titular: REVISAR,,general,,guayaquil,Guayaquil,https://guayaquil.gob.ec/becas-carreras-tecnologicas-alta-demanda/?utm_source=rss&utm_medium=rss&utm_campaign=becas-carreras-tecnologicas-alta-demanda,
23,iPR Summit reúne a más de 350 profesionales de comunicación en Guayaquil,produ,sociedad_cultura,guayaquil,accion,Guayaquil,no,,evento de relaciones publicas,,general,otros,guayaquil,Guayaquil,https://news.google.com/rss/articles/CBMiswFBVV95cUxPbGNLSkZmTTdPNkhFVU00TG03eU5MalRxQ3NkMWx4TzZ0WTNZY3RNbG9wMUZPWVdpQTVDemI5cEhtd3IweGV6UE9leGMxempZY0FMUmxGTHE0bm1SbW50b1oyVkRteWt6VjFtQzdEVHQ3OWMzZ1haX1doejd1S1MzOEE3TjY4bjduc0NROGs0SHcxckQ1VHpNVEhoMjFCRlR3dFE5Tlp3Z0JtbUpGTjBsR19SNA?oc=5,
24,Esta inmobiliaria impulsa proyectos por US$ 270 millones en Samborondón,Forbes Ecuador; forbes.com.ec,economia,guayaquil,dato,Samborondon,si,,,,general,,guayaquil,Samborondón,https://news.google.com/rss/articles/CBMiqAFBVV95cUxQSWRjbXNuSEpyM3Z3RENRRGE0RFd6dG43Uno3dWZBeDlJOXMwTU9LQUZ1SnI3MDVYNURKdUVsSnUtaWtfa3B3NFFaUkRSSW01bFV6ejRTTG5BaU5mTzFNOHo2QTNJa1l1QUZicmZmQWtfWjlMMy1Qd09iS1lyMFVERkw2WVhkQ2p3eTN4VUYwSGtFcDhRdzZ5ZDNkbWpfRGQ1NmZJc3R2amfSAa4BQVVfeXFMTVYxUXlKQVI3cjFTWUFHMHVmQ1BZdmJNUlVLaWhRcVlibW9ldGJnWDJLbnBWU1pFbTR0OWUwem1kNkctNFVqM3pZekdONThELUpBV1poMFZwTWFhdDB4T3UxNDY5TUFaaXF1anNQdmRHOXFwLUZaLW9qR2RDMUFhUjVtNjBuVFNFS3N6bE5mcmhVenE0RjFrdnRSaDNJOHlXZFVtUU1rcHJ2ZGk5blpB?oc=5,
25,Guayaquil alista el 16.º Simulacro Cantonal de Sismo con cerca de un millón de participantes,El Diario (Manabi); El Universo; Metro Ecuador; Municipio de Guayaquil; Vistazo,riesgos_clima,guayaquil,anuncio,Guayaquil,si,,,,general,Educacion,guayaquil,Guayaquil,https://www.eldiario.ec/guayaquil/guayaquil-realizara-simulacro-de-sismo-con-cerca-de-un-millon-de-participantes-29092026/,
26,Más de USD 15 millones impulsan el desarrollo en las parroquias rurales,Municipio de Guayaquil,obras_servicios,guayaquil,dato,Guayaquil,si,,"fuente institucional (Municipio), no medio",,general,,guayaquil,Guayaquil,https://guayaquil.gob.ec/inversion-desarrollo-parroquias-rurales/?utm_source=rss&utm_medium=rss&utm_campaign=inversion-desarrollo-parroquias-rurales,
27,¿A qué hora lloverá en Guayaquil este miércoles? Esto indica el pronóstico del Inamhi,El Universo; El Universo (Guayaquil),riesgos_clima,guayaquil,dato,Guayaquil,si,,servicio (pronostico),,general,otros,guayaquil,Guayaquil,https://news.google.com/rss/articles/CBMi0gFBVV95cUxPRTM4X1lfTHZ3bUdEc2FGY1J2ZjdkWWZxakZMUV9VbGsxc0ZhajhWQ2JKeDkwVkRKM2Zfc1BTMmQ1WlpTQ09nWm52R0ljcTBfT2hNcHg0ZjN5cUhVLXFXTmc3bVV5eUt4ZkxoTk9RQldmemYybTJseG91NG54SmljQW1zYU5GUGdBaE1TSmR1NFRzN0pfMXdpMDhHY3cwUnM3MEhmdEJvd2dmanZWUW4wRHJqajJkZHhpX2JRMjd4N2t6eWIzMTVZc1hOazhaMVpFdGfSAeYBQVVfeXFMT0pXbXVpeUxsY1JQY09WcmhGeDh4Q1RtVEhBR2ZZaGRmcXA3UGl6dVVhS21FajJZbk5IR0g2NnM2dUk0WmtMbjVabnlZU3ZyNjN5LTkzQllCeTd6cEJ2dC1BMXQyS1l4bG5UajJNS1k1aEgyTFZ6Mi1tNmdESjlFeUxXWnNOS3BZeGNxbkFVSDEwMjhqWnl2Q0pEUUFiY05iZWg2TU55TEpZY2s4SzczM0ZBMEEwbWFUZUU1aTEzMFFzTUVwV2Q4TlgxeEN4Z0hCVVdDczYzcnd2TVF0cHZIM0RESVgtQlE?oc=5,
28,Municipio de Guayaquil condecorará al CDH: estas son las preseas que se darán en octubre,expreso.ec,sociedad_cultura,guayaquil,anuncio,Guayaquil,no,,,,general,,guayaquil,Guayaquil,https://news.google.com/rss/articles/CBMiqgFBVV95cUxNSDlYUTVNLWp6YmN3YURnUUxJUGVXcmVTSWVSeVdhU2szSGF6ZmU2d2lMaWdpbV9KcGI3NnlqLUpmUFo1cGxpOENWOTdZTUNvamE2bVlSQUpGeHk2M1hJRHVjNmh2TmlaZ181Yy1zbzZ5VkFnX0VOUnowdk9DUEw1bjJFMUJwMXhtd3JyWGlmMDhLM0VMYndKTk45WXVDN1IwdS1iV1ZOSG5KQQ?oc=5,
29,Educación inclusiva en Guayaquil: el reto de lograr mayor autonomía en niños con autismo,expreso.ec,educacion,guayaquil,declaracion,Guayaquil,si,,reportaje,,sociedad,Educacion,guayaquil,Guayaquil,https://news.google.com/rss/articles/CBMitwFBVV95cUxNMEt2Rk5rTTZwMjg2Qnc0Z1ZHdWNxb0RYaTROLWZadjM4cXNhNDZNVnNFNzRfemk2V19uQzBlZ21LbVlCS3E3ME9tSFZiV003QWRTSkRCS25GVTdWcEVNRm9xejAwc3dOdlU5MkFaeS1jOVBJa05DTW9nTXNGTDdOMy1yTDRwemtpNnItbjRSdFM0V2IzVkNpSDlRekRaQnhOWWZBM3NIOWkydTQ2blBVVEJTLWROeWM?oc=5,
30,Encuentran 250 mil dólares dentro de un coche estacionado en Guayaquil; autoridades lo atribuyen a la guerrilla,LatinUS,seguridad,guayaquil,accion,Guayaquil,si,,medio mexicano: confirmar que es Guayaquil de Ecuador. REVISAR,si,economia,Comercio/Inversion,guayaquil,Guayaquil,https://news.google.com/rss/articles/CBMi6wFBVV95cUxORDhzRTloRndUZ1hPMnd0TFFaV0tjLTVhRmJ5a0cwMmJQSDQ3c3U4SWhBRzhsNGJ4U0c2ZXl1ZUNHeldKeGlZSjhOVTAwUjl3WGtQWU45TDNIWnBkTXc2QVRJRzdVYjZUZjF4Q0pTQmlXLTBKdzdrT0JZellVV2FIRWw4ekI4Sk04SjVfVzIyTzY5MHFmYW5SSG4ySV8wcE1oWmdPY090azZZZW51Zm5fVzU5OGhwMVNCZmxNOW5zb1J2WjF5eDhLOVFwVi1VTThCdTBFdzlsU3hYWGllYTdvemY1VWlXMjFLR2M00gHrAUFVX3lxTE5EOHNFOWhGd1RnWE8yd3RMUVpXS2MtNWFGYnlrRzAyYlBINDdzdThJaEFHOGw0YnhTRzZleXVlQ0d6V0p4aVlKOE5VMDBSOXdYa1BZTjlMM0hacGRNdzZBVElHN1ViNlRmMXhDSlNCaVctMEp3N2tPQll6WVVXYUhFbDh6QjhKTThKNV9XMjJPNjkwcWZhblJIbjJJXzBwTWhaZ09jT3RrNlllbnVmbl9XNTk4aHAxU0JmbE05bnNvUnZaMXl4OEs5UXBWLVVNOEJ1MEV3OWxTeFhYaWVhN296ZjVVaVcyMUtHYzQ?oc=5,
31,Agua potable en Durán: los trabajos para reparar el acueducto y abastecer a los moradores,expreso.ec,obras_servicios,guayaquil,accion,Duran,si,,,,economia,Empleo,guayaquil,Durán,https://news.google.com/rss/articles/CBMirwFBVV95cUxNbnlxY0FXbHB5Y2I2b1BfZ1ZBS25mNW1sc0pPeGhJdEdzMEU3SXQtMjIxNnQ1a1dKQ1JNYjY5OWNDNUZNSWRtT0NOdHhudC14NGdhNVFGLXNMVU9OLVFwRUxQcjBXWnhZVnpsdEtpeEhCclpaWGlaWGRBbWJlS0ZHRzB1a3pYcDMycGpRWEVLb3h2WDNfMy0yeC0waDNoZTUydmpNbEhYVTZqVXlHNE1v?oc=5,
32,Guayaquil alista la “Gala del Pasillo Ecuatoriano” este 1 de octubre,Metro Ecuador,sociedad_cultura,guayaquil,anuncio,Guayaquil,no,,agenda,,general,otros,guayaquil,Guayaquil,https://news.google.com/rss/articles/CBMiuwFBVV95cUxNdlhBWE9uSUNmOEM4bDNPLXR0MXBKWFRSYk52TF9nOGFmaHZ6S3FER19fNmtCYV9UbVFRMVBjNVE3ZFhOeEJaU3E5Y2NZVlBlZmw3X1Blcmw3cWhRRUV5NzJUSnA2MjM2U0w3N2c3MDlRYUdYdkIyRjlqVnI1Mmc3aUN4S1NBNmlmNC1vbWYwYmY0NFZ3UmdFYk5YVV9VbGx4OVoyc1pPbllZSm4wSlE4Mm5JTFdZWTIyWThn?oc=5,
33,Prevención cardiovascular llegó a la parroquia Letamendi con feria de salud municipal gratuita,Municipio de Guayaquil,salud,guayaquil,accion,Guayaquil,si,,fuente institucional,,sociedad,Salud,guayaquil,Guayaquil,https://guayaquil.gob.ec/prevencion-cardiovascular-feria-salud-letamendi/?utm_source=rss&utm_medium=rss&utm_campaign=prevencion-cardiovascular-feria-salud-letamendi,
34,"Caso BB: Tribunal ratifica prisión preventiva para Baldor Bermeo, exalcalde de Camilo Ponce Enríquez, y otros cuatro procesados por lavado de activos",El Comercio; El Universo; Vistazo,justicia,ecuador,accion,Camilo Ponce Enriquez,si,,Spike la pone en Guayaquil: es de Azuay,,politica,Crimen/Violencia,guayaquil,Guayaquil,https://news.google.com/rss/articles/CBMirgFBVV95cUxOTXFpOWR3ekxSQlZjZUZMNnNuYU5SZS1VM1J1SVlOYzB0RkVRbFVheEhJSzhSUGxTRkIxZW1wTmlPNk50QUt3UDJySWlJTGNtR2loeHd6aWh3aUNVeVJZTEQxc003dS0xZ3loR3BsbElnbkY5SVo2aGF0ZWFxYWJjZkVzdUxDVFF2S1EzVXZYT2ZHaTgzZWJqUjAxbHFIVkswUG4wT2M2NWIwYjkzZXfSAa4BQVVfeXFMTk1xaTlkd3pMUkJWY2VGTDZzbmFOUmUtVTNSdUlZTmMwdEZFUWxVYXhISUs4UlBsU0ZCMWVtcE5pTzZOdEFLd1AycklpSUxjbUdpaHh3emlod2lDVXlSWUxEMXNNN3UtMWd5aEdwbGxJZ25GOUlaNmhhdGVhcWFiY2ZFc3VMQ1RRdktRM1V2WE9mR2k4M2VialIwMWxxSFZLMFBuME9jNjViMGI5M2V3?oc=5,
35,“Emprende y Vende” convierte el Parque Forestal en una vitrina para el talento y la economía local,Municipio de Guayaquil,economia,guayaquil,accion,Guayaquil,no,,nota de prensa municipal,,general,,guayaquil,Guayaquil,https://guayaquil.gob.ec/emprende-vende-parque-forestal-economia-local/?utm_source=rss&utm_medium=rss&utm_campaign=emprende-vende-parque-forestal-economia-local,
36,"A 150 días de su reapertura, Guayarte recupera su lugar como espacio de encuentro",Municipio de Guayaquil,sociedad_cultura,guayaquil,dato,Guayaquil,no,,,,general,,guayaquil,Guayaquil,https://guayaquil.gob.ec/guayarte-reapertura-espacio-encuentro/?utm_source=rss&utm_medium=rss&utm_campaign=guayarte-reapertura-espacio-encuentro,
37,"Hablando Huevadas en Ecuador: Fechas de los shows del dúo cómico en Quito y Guayaquil, y precio de las entradas",El Universo; La Prensa Ecuador; eltelegrafo.com.ec,entretenimiento_deporte,ecuador,anuncio,Quito y Guayaquil,no,,espectaculo,,economia,Precios/Costo de vida,guayaquil,Guayaquil,https://news.google.com/rss/articles/CBMi-gFBVV95cUxNUWE0d25xNEhrZG4tWEVNYThaWEc4R1cxNXo2MkNqYzJDTVhYX1NTQ1JKNWo3Wjg2Q3ZXM3h5a2ozS2E0Z3NuSkdjamlISDNSSTZPYndwbFFqazItcjFXZFRZd0RwY1ZtQl9nczRwX0Q3RVFsSlVmbVlZdzg1b2JEWHNESXRjUzZRd2h0TEs3UnlyaVJOUVVwd1NRN1czZWd6d2lUaEdhOUJ1eDZGbnFGWE5HV1pqcDNlb1BjYlpKQU9uT21xYmtHc3dmVE91QnZPR2ZMOFl0c1ktV1FlQnpiUG9tUVFuVEh6UkV2QVd1WXUzUEU5WGlLcHVR0gGOAkFVX3lxTE53aW5pWWVGbVhHbk1FUjkwNXBCbDJLcThhZUVucUpEYzB4d0swdG5ObVJibEJ6cTBlSjhsRHctYmtSQWJXZU1lQVJSU3VSMDNLVXBYUEpCWmFPNU9pUGZVazd1MnUxdkt4Q2FxTzY3QklndUcxZDNuaVdvVDJ6eW85S19FRlVJQ2hxeUl5cm0yTjdvNkQ3N0RFakNOMnN6UU8td19iWWR1aWpSUHFEMWltbFMtMFNiV2FFNExLeDFzX2M1R3U1allyM3pzUnJYa2dYSF93UUs5cDRxS0xRTGRET0UtUVRVeXNDQWNEcXR3WThMQ0FmMW9lLXZTcWlhVGh5b0syTVBES3B5YUhBUQ?oc=5,
38,Taxirrutas por menos de $ 1: la opción que usan estudiantes para llegar a tiempo a clases en la Espol,El Universo (Guayaquil),movilidad,guayaquil,declaracion,Guayaquil,si,,reportaje,,sociedad,Educacion,guayaquil,Guayaquil,https://eluniverso.com/guayaquil/comunidad/taxirrutas-por-menos-de-1-la-opcion-que-usan-estudiantes-para-llegar-a-tiempo-a-clases-en-la-espol-nota/,
39,Se queda en Guayaquil: Emelec no viajará a Perú para un amistoso y ya piensa en la recta final de la temporada,Yahoo; eldiario.ec,entretenimiento_deporte,guayaquil,anuncio,Guayaquil,no,,futbol,,general,otros,guayaquil,Guayaquil,https://news.google.com/rss/articles/CBMipAFBVV95cUxPSGVlbnA5ZkJ6ckdRYlNTTWlFdlRIcXpzRlAxZk1hR2Z5djFEc1NHQndRM1h2eVBSZFVhU296SU5nMmNNRUpuOXpYdTZqUF94NDczRDJ6eDQ4VGQxU2pFTmVwOFU3b19za3hLV1ZpNmZXcEtRMi10X0pnTHBSWVNNaWFvMWNXN0R6Z0JuZkNsWFFEd2dyOTZFYlE3WlN0Z0FkSkJ4ag?oc=5,
40,"Inversión privada, distritos autónomos y autogeneración: lo que trae el nuevo reglamento eléctrico",El Universo,economia,ecuador,accion,Ecuador (nacional),si,,reglamento electrico nacional,,economia,Asamblea/Leyes; Comercio/Inversion; Ejecutivo; Petroleo/Energia,ecuador,,https://eluniverso.com/noticias/economia/inversion-privada-distritos-autonomos-y-autogeneracion-lo-que-trae-el-nuevo-reglamento-electrico-nota/,
41,Inda Peñarrieta y Michelle Macías arribaron a Ecuador bajo custodia policial para enfrentar cargos por lavado de activos,El Diario (Manabi),justicia,ecuador,accion,Ecuador (nacional),si,,,,seguridad,Policia/Militar,ecuador,,https://www.eldiario.ec/seguridad/inda-penarrieta-y-michelle-macias-arribaron-a-ecuador-bajo-custodia-policial-para-enfrentar-cargos-por-lavado-de-activos-30092026/,
42,La Feria del Libro de Fráncfort llega con nuevos espacios y propuestas,Confirmado; Infobae,sociedad_cultura,mundo,anuncio,Alemania,no,,Spike la pone en Quito: es la Feria de Francfort,,general,,ecuador,Quito,https://confirmado.net/la-feria-del-libro-de-francfort-llega-con-nuevos-espacios-y-propuestas/,
43,El presunto líder de una banda sería el autor del crimen del policía Miguel Ángel Hidalgo Revelo,El Diario (Manabi),seguridad,ecuador,declaracion,Manta,si,,'seria el autor' = version; ciudad a confirmar. REVISAR,si,seguridad,Crimen/Violencia; Policia/Militar,ecuador,Manta,https://www.eldiario.ec/seguridad/el-presunto-lider-de-una-banda-seria-el-autor-del-crimen-del-policia-miguel-angel-hidalgo-revelo-29092026/,
44,¿Quién reemplazará a Carolina Andrade en Seguridad de Quito? Ya hay un nombre,Expreso,politica,ecuador,anuncio,Quito,si,,,,general,,ecuador,Quito,https://www.expreso.ec/quito/quien-reemplazara-a-carolina-andrade-segurida-quito-ya-hay-nombre-297473.html,
45,Impactante video muestra momento exacto de deslizamiento de tierra en Nepal en medio de emergencia por fuertes lluvias: van al menos 21 muertos,El Tiempo (Colombia); Extra,riesgos_clima,mundo,accion,Nepal,no,,Spike la marca local: es Nepal,,general,otros,ecuador,,https://www.extra.ec/noticia/ecuador/acciones-prevencion-tungurahua-disminucion-lluvias-caudales-activan-alertas-163600.html,
46,"Caso Nudos: Neira expone presunta trama de corrupción en Celec que involucra a Karla Saud, también investigada en el caso Progen",El Comercio; El Diario (Manabi); El Universo; Expreso,justicia,ecuador,declaracion,Ecuador (nacional),si,,Neira expone = declaracion,,politica,Comercio/Inversion; Justicia/Corrupcion,ecuador,Babahoyo,https://eluniverso.com/noticias/politica/caso-nudos-neira-expone-presunta-trama-de-corrupcion-en-celec-que-involucra-a-karla-saud-tambien-procesada-en-el-caso-progen-nota/,
47,SENAE frena montaje de planta cerámica en Cañar tras detectar irregularidades en importaciones,El Diario (Manabi),economia,ecuador,accion,Canar,si,,,,economia,Comercio/Inversion,ecuador,,https://www.eldiario.ec/ecuador/senae-frena-montaje-de-planta-ceramica-en-canar-tras-detectar-irregularidades-en-importaciones-29092026/,
48,Detienen a un presunto microtraficante durante operativos de control en el toque de queda en Manta,El Diario (Manabi),seguridad,ecuador,accion,Manta,si,,,,seguridad,Policia/Militar,ecuador,Manta,https://www.eldiario.ec/seguridad/detienen-a-un-presunto-microtraficante-durante-operativos-de-control-en-el-toque-de-queda-en-manta-29092026/,
49,Metro de Quito cambiará dramáticamente los tiempos de viaje con su extensión a La Ofelia,El Comercio,movilidad,ecuador,anuncio,Quito,si,,,,general,,ecuador,Quito,https://www.elcomercio.com/actualidad/quito/metro-quito-cambiara-tiempos-viaje-extension-ofelia/,
50,"Dos asesinatos con características similares son investigados, en Quito",El Norte,seguridad,ecuador,accion,Quito,si,,,,seguridad,Crimen/Violencia,ecuador,Quito,https://elnorte.ec/dos-asesinatos-con-caracteristicas-similares-son-investigados-en-quito/,
51,Cerca de 800 estudiantes participan en simulacro integral de retiro ante emergencias en Manta,El Diario (Manabi),riesgos_clima,ecuador,accion,Manta,no,,simulacro escolar,,sociedad,Educacion,ecuador,Manta,https://www.eldiario.ec/manta/cerca-de-800-estudiantes-participan-en-simulacro-integral-de-retiro-ante-emergencias-en-manta-30092026/,
52,Extorsiones en Quito: así operaba sospechoso de Los Lobos que enviaba fotos con armas,Extra,seguridad,ecuador,accion,Quito,si,,,,politica,Crimen/Violencia; Justicia/Corrupcion,ecuador,Quito,https://www.extra.ec/noticia/quito/extorsiones-quito-asi-operaba-sospechoso-lobos-enviaba-fotos-armas-163633.html,
53,Fondos de cesantía del IESS: quiénes pueden retirarlos y cuál es la principal traba,Expreso,empleo,ecuador,dato,Ecuador (nacional),si,,cesantia IESS,,economia,Empleo,ecuador,,https://www.expreso.ec/economia-y-negocios/fondos-cesantia-iess-quienes-retirarlos-principal-traba-297463.html,
54,"Guía de Conciertos en Ecuador 2026: The Strokes, Iron Maiden y más",Expreso; Primicias,entretenimiento_deporte,ecuador,dato,Ecuador (nacional),no,,,,sociedad,Migracion,ecuador,,https://www.expreso.ec/entretenimiento/conciertos-ecuador-2026-agenda-fechas-artistas-2027-297479.html,
55,Puentes Gemelos: reparación tardaría 15 días y complica el tránsito en Babahoyo,Extra,movilidad,ecuador,anuncio,Babahoyo,si,,,,general,,ecuador,Babahoyo,https://www.extra.ec/noticia/ecuador/puentes-gemelos-reparacion-tardaria-15-dias-complica-transito-babahoyo-163675.html,
56,Rocafuerte conmemora sus 174 años de cantonización con desfile cívico,El Diario (Manabi),sociedad_cultura,ecuador,accion,Rocafuerte,no,,,,sociedad,Cultura/Comunidad; Educacion,ecuador,Manta,https://www.eldiario.ec/manabi/rocafuerte-conmemora-sus-174-anos-de-cantonizacion-con-desfile-civico-30092026/,
57,Sismo de magnitud 3.2 se registró cerca de Bahía de Caráquez este martes en Ecuador,El Comercio; Infobae,riesgos_clima,ecuador,dato,Bahia de Caraquez,si,,,,general,otros,ecuador,Manta,https://www.elcomercio.com/actualidad/ecuador/sismo-magnitud-registro-cerca-bahia-caraquez-martes-ecuador/,
58,El fútbol ecuatoriano tendrá en 2027 una Copa de la Liga y una fase final por el título,Infobae,entretenimiento_deporte,ecuador,anuncio,Ecuador (nacional),no,,futbol,,general,,ecuador,,https://www.infobae.com/america/agencias/2026/09/30/el-futbol-ecuatoriano-tendra-en-2027-una-copa-de-la-liga-y-una-fase-final-por-el-titulo/,
59,Nueva Pescanova vende su división de refrigerados en Francia al grupo ecuatoriano Omarsa,Infobae,economia,ecuador,accion,Ecuador (nacional),si,,empresa ecuatoriana compra en Francia,,economia,Comercio/Inversion,ecuador,,https://www.infobae.com/america/agencias/2026/09/30/nueva-pescanova-vende-su-division-de-refrigerados-en-francia-al-grupo-ecuatoriano-omarsa/,
60,Gobierno prevé sumar 145 MW de generación desde las centrales Trinitaria y Aníbal Santos,Expreso; TC Television,obras_servicios,guayaquil,anuncio,Guayaquil,si,G6,Trinitaria y Anibal Santos estan en Guayaquil,,politica,Ejecutivo,ecuador,,https://tctelevision.com/lo-ultimo/145-mw-generacion-electrica-trinitaria-anibal-santos/,
61,A prisión extorsionadores que usaban cuentas de terceros para cobros ilegales en Cuenca,El Mercurio,seguridad,ecuador,accion,Cuenca,si,,,,seguridad,Crimen/Violencia; Justicia/Corrupcion,ecuador,Cuenca,https://elmercurio.com.ec/ultimas-noticias/2026/09/29/prision-hermanos-extorsionadores-cuenca-cuentas-terceros/,
62,Por el Día del Adulto Mayor se realizarán varias actividades en Cuenca,El Mercurio,sociedad_cultura,ecuador,anuncio,Cuenca,no,,,,general,,ecuador,Cuenca,https://elmercurio.com.ec/cuenca/2026/09/29/adulto-mayor-cuenca-actividades/,
63,Rehabilitación de la calle Carlos Villacís inicia este 30 de septiembre en Quito,El Comercio; El Diario (Manabi),obras_servicios,ecuador,anuncio,Quito,si,,,,economia,Empleo,ecuador,Quito,https://www.eldiario.ec/quito/rehabilitacion-de-la-calle-carlos-villacis-inicia-este-30-de-septiembre-en-quito-30092026/,
64,Loja define sus cartas: 504 listas van a las urnas y cuatro quedan fuera,Cronica,politica,ecuador,dato,Loja,si,,,,politica,Elecciones,ecuador,Loja,https://cronica.com.ec/2026/09/30/loja-define-sus-cartas-504-listas-van-a-las-urnas-y-cuatro-quedan-fuera/,
65,Incendio afectó enseres de una vivienda,Cronica,riesgos_clima,ecuador,accion,Loja,no,,incendio menor,,general,,ecuador,Loja,https://cronica.com.ec/2026/09/29/incendio-afecto-enseres-de-una-vivienda/,
66,Pacientes que necesitan diálisis exigen pagos urgentes para seguir sus tratamientos,El Mercurio; Plan V,salud,ecuador,declaracion,Cuenca,si,,,,sociedad,Salud,ecuador,Cuenca,https://elmercurio.com.ec/ultimas-noticias/2026/09/29/pacientes-dialisis-reclaman-pagos-dializadoras-cuenca/,
67,Quito reúne a autoridades y organismos internacionales por los ODS,TC Television,politica,ecuador,accion,Quito,no,,evento protocolar,,general,,ecuador,Quito,https://tctelevision.com/lo-ultimo/noticias/quito-reune-a-autoridades-y-organismos-internacionales-por-los-ods/,
68,Omar Paganini: “América Latina tiene que navegar entre dos potencias: Estados Unidos y China”,Infobae; La Nacion (AR),politica,mundo,declaracion,Uruguay,si,,,,general,otros,mundo,,https://www.lanacion.com.ar/el-mundo/omar-paganini-la-vision-de-trump-es-que-america-latina-es-su-zona-de-influencia-nid27092026/,
69,"Inseguridad y violencia, tema crucial para los votantes de las elecciones generales en Brasil",El Mundo; France24 (ES),politica,mundo,dato,Brasil,si,,,,politica,Crimen/Violencia; Elecciones; Narcotrafico,mundo,,https://www.france24.com/es/video/20260929-inseguridad-y-violencia-tema-crucial-para-los-votantes-de-las-generales-en-brasil,
70,La conversación entre María Corina Machado y Rick Scott. Se abriría la puerta para su regreso,Infobae; Semana (Colombia),politica,mundo,declaracion,Venezuela,si,,,,general,,mundo,,https://www.semana.com/mundo/articulo/la-conversacion-entre-maria-corina-machado-y-rick-scott-se-abriria-la-puerta-para-su-regreso/202650/,
71,Exsecretaria de EE.UU. Kristi Noem se divorcia tras el escándalo de su esposo,El Comercio; Infobae; The Guardian,entretenimiento_deporte,mundo,accion,Estados Unidos,no,,farandula,,general,,mundo,,https://www.infobae.com/america/agencias/2026/09/29/exsecretaria-de-eeuu-kristi-noem-se-divorcia-tras-el-escandalo-de-travestismo-de-su-marido/,
72,"Russian attacks on Ukraine’s Kyiv region kill four, target power grid",Al Jazeera; Straits Times,seguridad,mundo,accion,Ucrania,si,G5?,"ataques en Kiev: filas 72, 88 y 94 quiza son la misma noche. REVISAR",,general,,mundo,,https://www.straitstimes.com/world/europe/russian-air-strikes-kill-3-injure-7-in-and-around-kyiv-officials-say,
73,UN extends mandate of Gang Suppression Force in Haiti for six months,Al Jazeera; CBC News (World); Straits Times,seguridad,mundo,accion,Haiti,si,,,,general,Crimen/Violencia,mundo,,https://www.straitstimes.com/world/un-renews-haiti-force-mandate-for-six-months-after-fresh-gang-killings,
74,Hong Kong journalist arrested on sedition charge,Al Jazeera; Infobae; SCMP,justicia,mundo,accion,Hong Kong,si,,,,seguridad,Comercio/Inversion; Ejecutivo; Fiscal/Presupuesto; Policia/Militar,mundo,,https://www.scmp.com/news/hong-kong/law-and-crime/article/3369236/hong-kong-police-receive-1503-reports-suspicious-iphone-charges-worth-hk30m?utm_source=rss_feed,
75,Marco Rubio carga contra la inmigración masiva y pone como ejemplo a España tras la entrada masiva en Ceuta,ABC.es (Internacional); Euronews (ES); Infobae,politica,mundo,declaracion,Estados Unidos,si,,,,general,Ejecutivo; Migracion,mundo,,https://www.abc.es/internacional/marco-rubio-carga-inmigracion-masiva-pone-ejemplo-20260929084947-nt.html,
76,Deportaciones de EU hacia terceros países violan derechos: especialistas,La Jornada,politica,mundo,declaracion,Estados Unidos,si,,"relacionada con G2, pero es opinion: no se une",,sociedad,Migracion,mundo,,https://www.jornada.com.mx/2026/09/29/mundo/020n1mun?partner=rss,
77,La OTAN denuncia la amenaza nuclear rusa y afirma que aliados no son un riesgo para Moscú,Euronews (ES); Infobae,seguridad,mundo,declaracion,OTAN,si,,,,seguridad,Ejecutivo; Policia/Militar,mundo,,https://www.infobae.com/america/agencias/2026/09/30/la-otan-denuncia-la-amenaza-nuclear-rusa-y-afirma-que-aliados-no-son-un-riesgo-para-moscu/,
78,Entra en vigor veto de EE.UU. a importaciones de Canadá,Clarin; DW,economia,mundo,accion,Estados Unidos,si,,,,politica,Asamblea/Leyes; Comercio/Inversion,mundo,,https://www.dw.com/es/entra-en-vigor-veto-de-ee-uu-a-importaciones-de-canadá/a-79468061?maca=spa-rss-sp-all-1122-rdf,
79,Putin ordena ampliar su Ejército con 15.500 soldados más,ABC.es (Internacional); Euronews (ES),seguridad,mundo,accion,Rusia,si,,,,politica,Ejecutivo; Policia/Militar,mundo,,https://www.abc.es/internacional/putin-ordena-ampliar-ejercito-15500-soldados-20260929110307-nt.html,
80,CDC reports two measles deaths in US as cases hit 35-year high,Al Jazeera; The Guardian,salud,mundo,dato,Estados Unidos,si,,,,sociedad,Salud,mundo,,https://www.aljazeera.com/news/2026/9/29/cdc-reports-two-measles-deaths-us-as-cases-hit-35-year-high?traffic_source=rss,
81,¿Qué se juega Perú en sus elecciones regionales y municipales del domingo 4 de octubre?,Expreso; Infobae,politica,mundo,dato,Peru,si,,explicativa,,politica,Elecciones; Policia/Militar,mundo,,https://www.expreso.ec/internacional/juega-peru-elecciones-regionales-municipales-domingo-4-octubre-297633.html,
82,"El Sindicato de Inquilinas reclama a los sindicatos la convocatoria de una huelga general: ""Ahora hay camino""",Euronews (ES); Infobae,empleo,mundo,declaracion,Espana,no,,,,politica,Asamblea/Leyes; Ejecutivo,mundo,,https://www.infobae.com/espana/agencias/2026/09/29/el-sindicato-de-inquilinas-reclama-a-los-sindicatos-la-convocatoria-de-una-huelga-general-ahora-hay-camino/,
83,Explosion nordkoreanischer Mine verletzt laut Südkorea Waffenstillstand,BBC News; Der Standard; The Guardian; The Hindu,seguridad,mundo,declaracion,Corea,si,,nota en aleman,,seguridad,Carceles; Ejecutivo; Migracion; Policia/Militar; Precios/Costo de vida,mundo,,https://www.thehindu.com/news/international/south-korea-demands-ukraine-apology-over-denial-of-confidential-deal-on-norths-prisoners-of-war/article71518214.ece,
84,Matthew Perry: Netflix estrenará documental sobre su vida y legado,El Comercio; Expreso,entretenimiento_deporte,mundo,anuncio,Estados Unidos,no,,,,general,,mundo,,https://www.expreso.ec/entretenimiento/matthew-perry-netflix-estrenara-documental-sobre-vida-legado-297512.html,
85,Trump lanza una página oficial de información sobre el Gobierno de EE UU que le desmiente,El Pais (Espana); Infobae,politica,mundo,accion,Estados Unidos,si,,,,politica,Ejecutivo; Elecciones,mundo,,https://elpais.com/us/2026-09-29/trump-lanza-una-pagina-oficial-de-informacion-sobre-el-gobierno-de-ee-uu-que-le-desmiente.html,
86,Cuba acusa a EE.UU. de «obstaculizar» con nuevas sanciones su proceso de reformas económicas,ABC.es (Internacional); Infobae,politica,mundo,declaracion,Cuba,si,,"reaccion a la fila 99: relacionada, no se une",,politica,Asamblea/Leyes; Ejecutivo,mundo,,https://www.abc.es/internacional/cuba-acusa-eeuu-obstaculizar-nuevas-sanciones-proceso-20260930023340-nt.html,
87,Passengers describe stabbing on Israel-bound plane,BBC News; NYT; The Guardian,seguridad,mundo,declaracion,Emiratos/Israel,si,G4,mismo apunalamiento que la fila 112,,general,Ejecutivo,mundo,,https://www.theguardian.com/world/2026/sep/30/israel-bound-passenger-plane-emergency-landing-saudi-arabia-pilots-feud,
88,Russian drone crashes into Kyiv playground without exploding,Al Jazeera; BBC News; CBC News (World); NYT,seguridad,mundo,accion,Ucrania,si,G5?,REVISAR,,general,,mundo,,https://www.bbc.co.uk/news/videos/cqj9xkdyrvgzo?at_medium=RSS&at_campaign=rss,
89,"Murió Jhon Jairo Torres, exalcalde de Yopal: le dispararon cuatro veces; ya hay un capturado",Infobae; Semana (Colombia),seguridad,mundo,accion,Colombia,si,,,,general,Crimen/Violencia,mundo,,https://www.semana.com/nacion/articulo/murio-jhon-jairo-torres-exalcalde-de-yopal-le-dispararon-cuatro-veces-ya-hay-un-capturado/202607/,
90,Milei busca inversiones en París en medio de alza de riesgo país e incertidumbre económica,ABC.es (Internacional); France24 (ES); Infobae; RFI (ES),economia,mundo,accion,Argentina,si,,,,politica,Ejecutivo,mundo,,https://www.infobae.com/america/agencias/2026/09/29/milei-busca-inversiones-en-paris-en-medio-de-alza-de-riesgo-pais-e-incertidumbre-economica/,
91,Tres ministros coinciden mañana en Ceuta el día que se cumplen dos meses entrada masiva,Euronews (ES); Infobae,politica,mundo,anuncio,Espana,no,,,,politica,Ejecutivo; Migracion,mundo,,https://www.infobae.com/espana/agencias/2026/09/29/tres-ministros-coinciden-manana-en-ceuta-el-dia-que-se-cumplen-dos-meses-entrada-masiva/,
92,Elecciones Brasil 2026: quiénes son los candidatos a vicepresidente de Lula y Flávio Bolsonaro,El Comercio; La Nacion (AR),politica,mundo,dato,Brasil,si,,,,politica,Elecciones,mundo,,https://www.lanacion.com.ar/el-mundo/elecciones-brasil-2026-quienes-son-los-candidatos-a-vicepresidente-de-lula-y-flavio-bolsonaro-nid26092026/,
93,Sudáfrica corre el riesgo de convertirse en un Estado mafioso,ABC.es (Internacional); Infobae,politica,mundo,declaracion,Sudafrica,no,,opinion,,politica,Crimen/Violencia; Ejecutivo; Justicia/Corrupcion; Petroleo/Energia,mundo,,https://www.abc.es/internacional/sudafrica-corre-riesgo-convertirse-estado-mafioso-20260930010718-nt.html,
94,Fuertes explosiones se escuchan en Kiev durante una alerta de misiles,Clarin; DW; El Pais (Espana),seguridad,mundo,accion,Ucrania,si,G5?,REVISAR,,general,Petroleo/Energia,mundo,,https://www.dw.com/es/fuertes-explosiones-se-escuchan-en-kiev-durante-una-alerta-de-misiles/a-79467720?maca=spa-rss-sp-all-1122-rdf,
95,Con Bad Bunny y ataques a Trump: la estrategia de Lula para la reelección,Euronews (ES); Infobae; Semana (Colombia),politica,mundo,declaracion,Brasil,no,,analisis,,politica,Ejecutivo; Elecciones; Justicia/Corrupcion; Narcotrafico,mundo,,https://www.semana.com/mundo/articulo/con-bad-bunny-y-ataques-a-trump-la-estrategia-de-lula-para-la-reeleccion/202612/,
96,US Supreme Court denies Christa Pike's last-ditch bid to halt execution,Al Jazeera; BBC News,justicia,mundo,accion,Estados Unidos,si,,relacionada con la fila 107 (mismo caso),,seguridad,Carceles; Crimen/Violencia; Justicia/Corrupcion,mundo,,https://www.bbc.co.uk/news/articles/cwe879654mj7o?at_medium=RSS&at_campaign=rss,
97,Airstrike near market in Myanmar’s Rakhine state kills 33 people,CBC News (World); The Hindu,seguridad,mundo,accion,Myanmar,si,,,,seguridad,Policia/Militar,mundo,,https://www.thehindu.com/news/international/airstrike-near-market-in-myanmars-rakhine-state-kills-33-people/article71521149.ece,
98,La condena en Italia a agentes egipcios por el brutal asesinato del estudiante Giulio Regeni incomoda al gobierno de Meloni,ABC.es (Internacional); Der Standard; La Nacion (AR); Straits Times,justicia,mundo,accion,Italia,si,,,,seguridad,Carceles; Crimen/Violencia; Educacion; Ejecutivo,mundo,,https://www.abc.es/internacional/roma-condena-tres-agentes-egipcios-secuestro-italiano-20260928201011-nt.html,
99,"EEUU amplía sus sanciones contra Cuba, congelando cuentas a empresarios cubanos",El Diario (Manabi); Infobae,economia,mundo,accion,Estados Unidos,si,,,,general,Comercio/Inversion; Ejecutivo,mundo,,https://www.eldiario.ec/mundo/eeuu-amplia-sus-sanciones-contra-cuba-congelando-cuentas-a-empresarios-cubanos-29092026/,
100,OpenAI frena el entrenamiento de sus modelos luego de que actuaran de modo independiente otra vez,El Diario (Manabi); Expreso; Extra; France24 (ES); Infobae; La Nacion (AR); TC Television,sociedad_cultura,mundo,accion,Estados Unidos,no,,titular dudoso: REVISAR,,general,Empleo; Precios/Costo de vida,mundo,,https://www.lanacion.com.ar/el-mundo/openai-frena-el-entrenamiento-de-sus-modelos-luego-que-actuaran-de-modo-independiente-otra-vez-nid27092026/,
101,"Trump asked China’s President if he wants to buy U.S. arms, Ambassador says",BBC News; Der Standard; NYT; Sky News; The Guardian; The Hindu,politica,mundo,declaracion,Estados Unidos,si,,,,politica,Ejecutivo,mundo,,https://www.thehindu.com/news/international/trump-asked-chinas-president-if-he-wants-to-buy-us-arms-ambassador-says/article71518145.ece,
102,String of rapes in Delhi triggers social campaign for women’s safety,Al Jazeera; The Guardian,seguridad,mundo,accion,India,si,,,,seguridad,Crimen/Violencia,mundo,,https://www.theguardian.com/world/2026/sep/28/this-is-india-violence-against-women,
103,Residents of Polish region key for NATO try to live normally despite threat,The Guardian; The Japan Times,seguridad,mundo,dato,Polonia,no,,reportaje de ambiente,,seguridad,Ejecutivo; Policia/Militar,mundo,,https://www.japantimes.co.jp/news/2026/09/29/world/society/residents-calm-nato-chokepoint/,
104,Fiscalía de Perú pide prisión para policía sospechoso de matar a su esposa con un disparo,El Comercio; El Tiempo (Colombia); Infobae,seguridad,mundo,accion,Peru,si,,,,seguridad,Carceles; Crimen/Violencia; Justicia/Corrupcion; Policia/Militar,mundo,,https://www.infobae.com/america/agencias/2026/09/29/fiscalia-de-peru-pide-prision-para-policia-sospechoso-de-matar-a-su-esposa-con-un-disparo/,
105,La Justicia boliviana rechaza medidas sustitutivas a Luis Arce y lo mantiene bajo prisión preventiva,El Pais (Espana); Infobae,justicia,mundo,accion,Bolivia,si,,,,sociedad,Carceles; Cultura/Comunidad; Ejecutivo; Justicia/Corrupcion; Salud,mundo,,https://www.infobae.com/america/america-latina/2026/09/30/la-justicia-boliviana-rechaza-medidas-sustitutivas-a-luis-arce-y-lo-mantiene-bajo-prision-preventiva/,
106,Un acampe en la Puerta del Sol para protestar por los desalojos le suma presión a Pedro Sánchez,Infobae; La Nacion (AR),politica,mundo,accion,Espana,no,,,,general,Ejecutivo,mundo,,https://www.lanacion.com.ar/el-mundo/un-acampe-en-la-puerta-del-sol-para-protestar-por-los-desalojos-le-suma-presion-a-pedro-sanchez-nid28092026/,
107,Suspenden la primera ejecución de una mujer en dos siglos en Tennessee: mató a una compañera a los 18 años,ABC.es (Internacional); France24 (ES),justicia,mundo,accion,Estados Unidos,si,,"mismo caso que la fila 96, otro hecho",,general,,mundo,,https://www.abc.es/internacional/tennessee-ejecutara-mujer-primera-vez-dos-siglos-20260930160701-nt.html,
108,La Justicia argentina elimina el freno a la venta de tierras a extranjeros,ABC.es (Internacional); France24 (ES),economia,mundo,accion,Argentina,si,,,,politica,Asamblea/Leyes; Ejecutivo; Justicia/Corrupcion,mundo,,https://www.abc.es/internacional/justicia-argentina-elimina-freno-venta-tierras-extranjeros-20260930193954-nt.html,
109,Tropas de EE. UU. abandonan Irak tras más de una década de misión antiyihadista,DW; El Diario (Manabi); El Pais (Espana); France24 (ES); Semana (Colombia),seguridad,mundo,accion,Irak,si,,,,general,Policia/Militar,mundo,,https://www.eldiario.ec/mundo/estados-unidos-concluyo-su-mision-en-irak-y-tras-doce-anos-en-ese-pais-sus-tropas-se-retiran-30092026/,
110,Fujimori dice que Congreso pone a prueba su paciencia por no darle facultades legislativas,Clarin; Infobae,politica,mundo,declaracion,Peru,si,,,,politica,Ejecutivo,mundo,,https://www.infobae.com/america/agencias/2026/09/29/fujimori-dice-que-congreso-pone-a-prueba-su-paciencia-por-no-darle-facultades-legislativas/,
111,Reino Unido,ABC.es (Internacional); DW; El Mundo; Euronews (ES); Infobae,,mundo,,,no,,titular roto ('Reino Unido'): basura,,politica,Ejecutivo; Migracion; Policia/Militar,mundo,,https://www.elmundo.es/internacional/2026/09/29/6abbdad7e85ece6a198b459a.html,
112,Flydubai passenger describes putting attacker in chokehold after cockpit stabbing,Al Jazeera; BBC News,seguridad,mundo,declaracion,Emiratos/Israel,si,G4,,,general,,mundo,,https://www.bbc.co.uk/news/articles/cmx2z92xx57no?at_medium=RSS&at_campaign=rss,
113,Voto electrónico de las elecciones en Brasil 2026: cómo funciona el sistema para las presidenciales,France24 (ES); La Nacion (AR),politica,mundo,dato,Brasil,no,,'como funciona': explicativa,,politica,Elecciones,mundo,,https://www.lanacion.com.ar/el-mundo/voto-electronico-de-las-elecciones-en-brasil-2026-como-funciona-el-sistema-para-las-presidenciales-nid24092026/,
114,Tensiones entre Chile y Argentina por el control del Estrecho de Magallanes,Infobae; RFI (ES),politica,mundo,declaracion,Chile/Argentina,si,,,,general,,mundo,,https://www.rfi.fr/es/programas/noticias-de-am%C3%A9rica/20260930-tensiones-entre-santiago-y-buenos-aires-por-el-control-del-estrecho-de-magallanes,
115,"La estrategia de BMW: recortes de empleo, IA y apuesta de 2.000 millones en 'Made in Germany'",Confirmado; Euronews (ES),empleo,mundo,anuncio,Alemania,no,,,,economia,Comercio/Inversion; Empleo,mundo,,https://es.euronews.com/2026/09/30/la-estrategia-de-bmw-recortes-de-empleo-ia-y-apuesta-de-2000-millones-en-made-in-germany,
116,US sanctions 10 entities for allegedly supporting Iran’s military,Al Jazeera; Straits Times,politica,mundo,accion,Estados Unidos,si,,,,general,Petroleo/Energia; Policia/Militar,mundo,,https://www.straitstimes.com/world/middle-east/us-sanctions-10-over-allegedly-procuring-weapons-for-iran,
117,Pope Leo XIV: AI doom fears are not ‘fake news’,Sky News; The Hindu; The Japan Times,sociedad_cultura,mundo,declaracion,Vaticano,no,,,,general,,mundo,,https://news.sky.com/story/pope-says-concerns-about-ai-going-rogue-are-not-fake-news-after-trump-hoax-claims-13593054,
118,EE. UU. sanciona al Tren de Aragua tras millonarios robos a cajeros automáticos,Infobae; Semana (Colombia),seguridad,mundo,accion,Estados Unidos,si,,Tren de Aragua: relevancia regional,,general,,mundo,,https://www.semana.com/mundo/articulo/ee-uu-sanciona-al-tren-de-aragua-tras-millonarios-robos-a-cajeros-automaticos/202639/,
119,"Dennis Haskins, actor de ‘Salvados por la campana’, murió a los 75 años",El Comercio; Expreso,entretenimiento_deporte,mundo,accion,Estados Unidos,no,,farandula,,politica,Elecciones,mundo,,https://www.expreso.ec/entretenimiento/dennis-haskins-actor-salvados-campana-murio-75-anos-297505.html,
