link,titular,resumen,categoria_keywords,categoria_ia,categoria_correcta,ambito_keywords,ambito_ia,ambito_correcto,lectura_ia,lectura_correcta
https://www.extra.ec/noticia/quito/metro-quito-typsa-reubico-estacion-andalucia-reduce-expropiaciones-extension-ofelia-163403.html,Metro de Quito: Typsa reubicó estación Andalucía y reduce expropiaciones en extensión a La Ofelia,"Tras 8 meses, Typsa entregó la consultoría El Labrador-La Ofelia: 5,3 km, 4 estaciones y ajustes para proteger edificios; permite licitar y dura 5 años",otros,otros,,local,local,,,
https://www.expreso.ec/quito/plan-5-dolares-templo-del-sol-quito-296878.html,El plan de $5 cerca de Quito para descubrir el misterioso Templo del Sol,"Si buscas un plan cerca de Quito, el Templo del Sol ofrece cultura, arte, sabores tradicionales y una experiencia de relajación",Cultura/Comunidad,Cultura/Comunidad,,local,local,,,
https://www.infobae.com/peru/2026/09/26/gremios-de-construccion-civil-convocan-a-marcha-este-22-de-octubre-por-aumentos-salariales-y-contra-el-sicariato-y-extorsiones/,Gremios de construcción civil convocan a marcha este 22 de octubre por aumentos salariales y contra el sicariato y extorsiones,"El acuerdo fue tomado durante una Asamblea Nacional de Delegados, donde los gremios aprobaron su Pliego Nacional de Reclamos 2027 y plantearon cambios en Conafovicer","Asamblea/Leyes,Crimen/Violencia","Asamblea/Leyes,Crimen/Violencia",,local,local,,,
https://news.google.com/rss/articles/CBMiuAFBVV95cUxPTENVdDF5MW5FMEZkbGNza3RXc0VJVUdEbHlJX0VfZGlzZjh5R3VpQlVWUlF6cjRKSnN1d09sb0pCRVA0Y0FtZFE3RXc4ZktTSTNyNklnMWlDZXF0U3BDVF9VUmNLekZJSW9OT3NxQmpSZzFyWlEtM2hnNkFLVnRVaHlpcWF6RzBQcjBjMTc5ZDM3LV9sMlNaaVFCQjRvZGMtMlEyY2piMWxNUkNWVlpSMFVOQ0VDZzF5?oc=5,17 heridos tras volcamiento de bus en la vía Santa Elena-Guayaquil,17 heridos tras volcamiento de bus en la vía Santa Elena-Guayaquil  Ecuavisa,otros,otros,,local,local,,,
https://www.expreso.ec/guayaquil/que-hacer-en-guayaquil-este-fin-de-semana-conciertos-comedia-y-teatro-del-25-al-27-de-septiembre-295683.html,"Qué hacer en Guayaquil este fin de semana: conciertos, comedia y teatro del 25 al 27 de septiembre","Ken-Y, Blaze y varias propuestas de comedia y teatro forman parte de la agenda de entretenimiento de Guayaquil para este fin de semana",otros,otros,,local,local,,"El resumen menciona septiembre del 2026, pero el titular no especifica fecha. Para dimensionarlo, necesitamos saber si se trata de eventos del próximo fin de semana o del año 2026.",
https://news.google.com/rss/articles/CBMinwFBVV95cUxQM1pJTzdZaHFCazQ3ZmVKeTJXcmlaNVhmc1pIaEppQTN5cjJZUndybWlycy03UTllaEpDbGZiTWlWRWRTOTdFQ1pyYXZaWTVVdUQ4QkQ0MnNIUDNiM0UxZnh5cTh5YjFrN0tvVGo0RDZYaEZtTEdHUHp0UmthWHR2UzNodWQzYmltcGtBT3RsdFJVOWQ4aHN1UXhBcmxZa2_SAaQBQVVfeXFMTVlwLTF6ZF9oUHpaUk5VT3VKcmlsZXUzOGlpLU9Yb1hpT3ZjRTdCRjBEN08tRGFVenZBVGJKMXl2bVRPZUJ6QVIybkRiRmVJX1BHZXU0blNKZDE5TFdvN1FRZ0I4Wll4SzV0ajNFY0JkMV9BSGtWT3RzNTJONnJTSzJheDNmbU13X1ctU2VHOE5TRkItX0xTS0NTR2ozaVBkaXNRbi0?oc=5,"En el noroeste de Guayaquil, hombre fue hallado sin vida: ¿qué se sospecha?","En el noroeste de Guayaquil, hombre fue hallado sin vida: ¿qué se sospecha?  extra.ec",otros,otros,,local,local,,,
https://www.eldiario.ec/seguridad/policia-decomiso-1-8-toneladas-de-cocaina-tras-inspeccionar-un-vehiculo-en-guaranda-25092026/,"Policía de Ecuador decomisa 6,1 toneladas de cocaína y arresta a 36 personas","Quito, 25 sep (Sputnik).- Un operativo policial en cuatro provincias de Ecuador permitió este viernes la incautación de 6,1 toneladas de cocaína y la detención de 36 personas, vinculadas a una estruct","Narcotrafico,Policia/Militar","Narcotrafico,Policia/Militar",,local,local,,"El control fronterizo se intensifica, pero también se refleja el poder de las organizaciones criminales. ¿Quiénes están detrás de este tráfico y cuál es el alcance de su red en el sector?",
https://www.expreso.ec/tramites-y-servicios/juramento-bandera-2026-ecuador-feriado-dia-descanso-obligatorio-296922.html,¿Habrá feriado el 9 de octubre de 2026? Esto dice el calendario,El feriado del 9 de octubre de 2026 permitirá tres días de descanso en Ecuador por la conmemoración de la Independencia de Guayaquil.,Cultura/Comunidad,Cultura/Comunidad,,local,local,,"El juramento masivo puede reflejar la cohesión o la presión escolar hacia la lealtad. Interesa al gobierno demostrar unidad, pero también puede tensionar a quienes discrepan. ¿Cuál fue la motivación detrás de la organización masiva?",
https://cronica.com.ec/2026/09/25/clipp-empresa-y-orgullo-lojano/,"Clipp, empresa y orgullo lojano","Santiago Armijos Valdivieso Hace poco tuve la oportunidad de visitar las acogedoras y bien ordenadas instalaciones de la empresa de servicios tecnológicos Clipp, ubicadas en las calles México y Curaza",otros,otros,,internacional,local,,,
https://news.google.com/rss/articles/CBMifEFVX3lxTE5nZjBrMEJhWU80NTV3S1FPb181eThJNTNiY0tnZkJab2k1SDdkTGlOMWxYaDhhd2dLYXA3dEhpbmhzOEcta2dCWkEtN196Rm5nM2pwSVFxbGRDOXYyUEctQWlmU1NNeFlJN0pXWHNzR0dSSTFSc2JJb2N6emY?oc=5,Comedia -'Game' - Samborondón,Comedia -'Game' - Samborondón  Revista Mundo Diners,otros,otros,,local,local,,,
https://lagaceta.com.ec/cerca-de-tres-toneladas-de-residuos-se-generan-diariamente-durante-la-mama-negra/,Policía decomisa 115 celulares durante operativo por la Mama Negra,"La celebración de la Mama Negra, en honor a la Virgen de las Mercedes, congregó durante dos días a miles de personas en Latacunga, Cotopaxi. Ante la masiva presencia de turistas y ciudadanos, la Polic",Policia/Militar,Policia/Militar,,local,local,,,
https://www.extra.ec/noticia/ecuador/operativo-ecuador-grupo-ligado-cartel-jalisco-delito-investiga-163410.html,Operativo en Ecuador contra grupo ligado al Cártel de Jalisco: ¿qué delito se investiga?,"La audiencia contra los detenidos se efectuó este viernes, en una unidad judicial de Quito, y también por vía telemática. Los detalles","Narcotrafico,Policia/Militar","Narcotrafico,Policia/Militar",,local,local,,,
https://eluniverso.com/guayaquil/comunidad/lluvias-dejan-calzada-mojada-en-cuatro-vias-principales-de-guayaquil-este-viernes-nota/,Lluvias dejan calzada mojada en cuatro vías principales de Guayaquil este viernes,La ATM pidió a los conductores reducir la velocidad y circular con precaución.,otros,otros,,local,local,,,
https://eluniverso.com/noticias/economia/aniversario-hallazgo-fusarium-raza-4-investigacion-resultados-apertura-unidad-de-desarrollo-tecnologico-iniap-ecuador-2026-nota/,Avances científicos y fortalecimiento territorial marcan la contención del ‘Fusarium’ raza 4,"Al cumplirse un año del hallazgo de la plaga en el país, el Iniap presenta resultados de investigaciones con clones promisorios y abre sede técnica en Machala.",otros,otros,,local,local,,,
https://eluniverso.com/noticias/economia/juan-lorenzo-maldonado-presidira-el-directorio-de-la-bolsa-de-valores-quito-nota/,Juan Lorenzo Maldonado presidirá el directorio de la Bolsa de Valores de Quito,La nueva autoridad reemplazará a Diana Torres. El cambio se da en un entorno de crecimiento del mercado de valores de Ecuador.,otros,otros,,local,local,,,
https://eluniverso.com/noticias/economia/nueva-formula-del-riesgo-pais-ratifica-mejor-posicion-de-ecuador-nota/,Nueva fórmula del riesgo país ratifica mejor posición de Ecuador,"El cambio de metodología refleja una medición más fina de las características de la deuda en bonos del país, explica firma consultora.",Fiscal/Presupuesto,Fiscal/Presupuesto,,local,local,,,
https://news.google.com/rss/articles/CBMipwFBVV95cUxQNGNjdTdTRjY4bUUtTWp6NktkYnV3cXN2emoyajhValRCanJYYTdNSktMZEUwZHNlX0NxWi12eEhyUjZoTUdTdUtYOUdJS1laa1JEVzNBVmYza3dFWVFleS1aRDQ3bW5LcWM0cmxhTVRmamZoM29VUlIxN1RDbEhaVkJqdS1YZmJ2T2NEeDl4TlBDU1hWRmJMaHJKWFlOTmdwSFBFenVPYw?oc=5,4.04-meter Tides in Guayaquil Ports on September 24,4.04-meter Tides in Guayaquil Ports on September 24  dataportuaria.com,otros,otros,,local,local,,,
https://planv.com.ec/historias/crimen-organizado/la-geografia-del-miedo-sicariato-extorsion-y-nuevas-formas-de-violencia-en-ecuador/,Sicariato en Tarifa: La violencia armada atemoriza al sector rural de Samborondón,Dos ciudadanos fallecieron y un tercero resultó gravemente afectado tras un ataque múltiple perpetrado durante este jueves sobre una vía céntrica,Crimen/Violencia,Crimen/Violencia,,local,local,,¿Cuáles son las nuevas formas de violencia que emergen en Ecuador y cómo afectan a la sociedad? ¿Qué medidas urgentes necesita el gobierno para abordar este problema?,
https://elnorte.ec/el-periodista-no-es-su-amigo-ni-tampoco-enemigo/,"El periodista no es su amigo, ni tampoco enemigo","Un candidato a la alcaldía de Quito habría increpado a una periodista por las preguntas que le realizó durante una entrevista. “Una vez que se apagan las cámaras, también pasan cosas, amigos. No todo ",Elecciones,Elecciones,,local,local,,,
https://news.google.com/rss/articles/CBMiywFBVV95cUxOWGl3S1ltd3FxU2twVHAtV3FxSlVUTU1weVNESXVTYWxrZldEMzdSam5pa2RZWDhSV1VtRThKMm81LUZBYWpqMWs0djZtdHVINXU3ZUc4Yk43ZlhKNk0zWHVJQzFQWWZ5T1EzV1dtVVpVREdsWHp0MThuaFJUQUNVWW5MWVZQazlqNnJtb0xWYkdCTzhGTXVrLWlvTmxyTHJFenlBZWZlMC1oZGE5SmFUU1FHRnRfNGh3dDR4UnZqQThqUXVsVHdIckJBaw?oc=5,B.A.P. Unión cerró su recorrido internacional llevando la Marca Perú a Guayaquil,B.A.P. Unión cerró su recorrido internacional llevando la Marca Perú a Guayaquil  Turiweb,otros,otros,,local,local,,,
https://www.extra.ec/noticia/guayaquil/estudiante-insulta-profesora-clase-virtual-microfono-encendido-video-viraliza-163394.html,Estudiante insulta a profesora en clase virtual por micrófono encendido y video se viraliza,Un descuido técnico dejó al descubierto la reacción de una alumna contra su docente en un instituto de Guayaquil. El hecho desató debate en redes sociales,Educacion,Educacion,,local,local,,,
https://news.google.com/rss/articles/CBMiiAJBVV95cUxQSUZ3WFl0dnMtMGVpTk41bnJ3dkFMRFhIeUJWdnlwYUtZTENWNmEwSnZiUjU2MXNwSGVJTUh4TEtXRWVkdm13dWFtV3A4ZWpNTTlwOGZINFI0NWdfNE9paE1Hd0RKZ0hNOTVYMWZkMzl1TEhyMUlodlNCNHd1b2NOMnJmZEpiekxjZEdUSVdZVUhOb0lEeERCMDhVMTFGbnQzT1QxVjMtLXBJYnJSVkdscUp6dWJGWkhuLUl4S1hXeldnQ1R0bVUzc0JRMTBmLVRkLUd6cU1kblg5ZHVDTG91dF9VRGZ5YWFsalN2cklYWVZnWTZVNUJOeDVmblVsWjF3S2JVcGtyNlXSAZwCQVVfeXFMTUxSNF9seC11UVBvRWNtV3FGS1lCSEtuQ29zWE55ZTNlRG9KMUp5YkpfVmNiSDhJRFhwNC1IUDVORk1iVUF3Mmxnb09FTEZzTWQ2SnFzSjZJRkhGSVRYZ2xDMG82QkpTTl81ZnN1N09mNWZsV2EtSWFDbjNObWZzVUdESXFNYk9LS29LNmd5YWpXOTh4TkJlRTM4TnNIVUhVdGF1eHFidWNSZ09VZWlNVG5uZloyc09mOVlDd2lqa0lEamZSWndlTVgtRmNRZlJsblFSSV9pVGZJY2dMUkJsY3d1RnVxQ0lzUWREU2hhSzYtSm44V3R4ZUtpUXdHRkh6WTZSamYzUW1iWWZUMUNXbUFaUm5QMHdtcUNlZXE?oc=5,Ciudadana española es arrestada en el aeropuerto de Guayaquil cuando intentaba viajar a Alemania con droga valorada en $ 843.000,Ciudadana española es arrestada en el aeropuerto de Guayaquil cuando intentaba viajar a Alemania con droga valorada en $ 843.000  El Universo,Narcotrafico,Narcotrafico,,local,local,,,
https://www.extra.ec/noticia/quito/centro-quito-movio-17-cuadras-163345.html,El centro de Quito se movió 17 cuadras: ¿dónde está ahora?,Una medición del Instituto Geográfico Militar muestra cómo la expansión urbana ha desplazado el corazón geográfico de la capital ecuatoriana,Policia/Militar,Policia/Militar,,local,local,,,
https://eluniverso.com/noticias/economia/air-canada-ecuador-vuelos-quito-toronto-montreal-precios-pasajes-nota/,"Air Canada en Ecuador: “Estamos apostando a una ocupación muy alta, sobre el 90 %”","El gerente comercial regional para Chile, Perú y Ecuador de Air Canada comenta detalles del regreso de la aerolínea canadiense al país.",otros,otros,,local,local,,,
https://eluniverso.com/noticias/economia/empresas-ecuatorianas-ecuador-expoalimentaria-peru-2026-nota/,"Elaborados de café, atún, pollo y la oferta diversa de diez empresas de Ecuador participan en Expoalimentaria Perú 2026","El Ministerio de Desarrollo Económico y Productivo, a través de su Oficina Comercial, facilitó el acercamiento de la delegación con actores estratégicos.",Ejecutivo,Ejecutivo,,local,local,,,
https://tctelevision.com/lo-ultimo/noticias/gobierno-invierte-usd-61-mil-para-asegurar-medicinas-cardiacas-en-el-hospital-los-ceibos/,Gobierno invierte USD 61 mil para asegurar medicinas cardíacas en el Hospital Los Ceibos,El Gobierno prevé mantener estos procesos de compra directa para sostener el stock de medicinas esenciales en los hospitales del IESS.,"Ejecutivo,Salud","Ejecutivo,Salud",,local,local,,,
https://www.jornada.com.mx/2026/09/25/mundo/024n1mun?partner=rss,Militares de EU participan en el arresto de narcos en Ecuador,"Quito. En las cuentas de redes sociales del presidente, Daniel Noboa, se informó de la activa participación de militares estadunidenses en operativos policiales en Ecuador que han dado como resultado,","Ejecutivo,Narcotrafico,Policia/Militar","Ejecutivo,Narcotrafico,Policia/Militar",,local,local,,,
https://www.expreso.ec/quito/metro-quito-segunda-linea-costo-financiamiento-297073.html,Metro de Quito a La Ofelia: ¿cuánto costará construir la segunda línea y quién la financiará?,"La extensión del Metro de Quito desde El Labrador hasta La Ofelia contempla unos 5,3 kilómetros de túnel y cuatro nuevas estaciones",otros,otros,,local,local,,,
https://guayaquil.gob.ec/alcaldesa-avances-mejoras-parque-samanes/?utm_source=rss&utm_medium=rss&utm_campaign=alcaldesa-avances-mejoras-parque-samanes,Alcaldesa (s) constató avances y anunció nuevas mejoras en el Parque Samanes,"La alcaldesa subrogante, Tatiana Coronel, realizó la tarde del jueves 24 de septiembre un recorrido de casi dos horas por […]
The post Alcaldesa (s) constató avances y anunció nuevas mejoras en el Par",otros,otros,,internacional,local,,,
https://eluniverso.com/guayaquil/comunidad/fleteros-registran-pedidos-por-adecuaciones-en-hogares-ante-el-fenomeno-de-el-nino-nota/,Fenómeno de El Niño comienza a impactar a más de 200 kilómetros de calles inundables en Guayaquil,Fenómeno de El Niño comienza a impactar a más de 200 kilómetros de calles inundables en Guayaquil  primicias.ec,otros,Ejecutivo,,local,local,,,
https://www.nytimes.com/2026/09/24/business/dealbook/ai-safety-concerns-go-global.html,A.I. Safety Concerns Go Global,"The Australian government is the latest victim of a hack by artificial intelligence tools, adding to growing worries about the technology.",Ejecutivo,Ejecutivo,,internacional,internacional,,,
https://www.semana.com/turismo/articulo/la-ciudad-colombiana-que-busca-consolidarse-como-un-destino-de-turismo-de-salud/202624/,La ciudad colombiana que busca consolidarse como un destino de turismo de salud,"Medellín busca consolidarse como un destino de turismo en salud en Colombia y en la región.De acuerdo con la Alcaldía de la capital antioqueña, esta modalidad de turismo es una oportunidad para “forta",Salud,Salud,,internacional,internacional,,,
https://www.derstandard.at/story/3000000341064/nordkorea-atomwaffen-status-ist-unumkehrbar-neuer-raketentest?ref=rss,Nordkorea sieht eigenen Atomwaffen-Status unumkehrbar und testet neue Raketen,"Eine Denuklearisierung sei eine unrealistische Illusion, heißt es aus der nordkoreanischen Diktatur. Die Haltung des Landes werde sich nicht verändern",otros,otros,,internacional,internacional,,,
https://www.eldiario.ec/seguridad/fuerzas-armadas-capturan-a-seis-presuntos-integrantes-de-los-r-con-armas-y-explosivos-en-santo-domingo-25092026/,"Fuerzas Armadas detienen a seis presuntos integrantes de Los R en Santo Domingo: armas, droga y explosivos decomisados",Estructura habría operado en la capital tsáchila y en la vía a El Carmen.,"Narcotrafico,Policia/Militar","Narcotrafico,Policia/Militar",,internacional,internacional,,,
https://www.japantimes.co.jp/business/2026/09/25/companies/nec-undersea-cable/,Meta anuncia construcción de cable submarino de internet con capacidad de 1 petabit por segundo,La tecnología de fibra multinúcleo permite duplicar la capacidad de transmisión sin aumentar la infraestructura física,otros,otros,,internacional,internacional,,,
https://www.cbc.ca/news/world/pakistan-airstrikes-afghanistan-khost-paktia-kandahar-9.7356365?cmp=rss,Afghan taxi drivers defy the Taliban’s music ban,Afghan taxi drivers are playing music in their cars despite it being banned by the Taliban.,otros,otros,,internacional,internacional,,,
https://www.nytimes.com/2026/09/23/business/media/tv-networks-xi-arrival.html,"NBC, CBS and More TV Networks Didn’t Film Xi’s Arrival Amid Trump’s Press Ban","The White House TV pool has suspended its coverage of President Trump since he banned CNN, MS NOW and Politico from the White House.",Ejecutivo,Ejecutivo,,internacional,internacional,,,
https://www.abc.net.au/news/2026-09-26/presidents-cup-adam-scott-min-woo-lee/107199232,"Adam Scott, Min Woo Lee lead sweep of US at Presidents Cup",The Internationals are in front after sweeping all four foursomes matches on day two of the Presidents Cup against Team USA.,Ejecutivo,Ejecutivo,,internacional,internacional,,,
https://news.sky.com/story/macklemore-announces-free-palestine-tour-after-ed-sheeran-controversy-13591502,Macklemore anuncia una gira solidaria tras la polémica con Ed Sheeran,"El rapero estadounidense, expulsado de la gira de estadios de Ed Sheeran en EE.UU. tras apoyar a Palestina, ha organizado un concierto benéfico que visitará el próximo mes Dublín, París y Londres, con",otros,otros,,internacional,internacional,,,
https://es.euronews.com/2026/09/25/las-principales-ligas-europeas-aumentan-la-presion-sobre-infantino-al-pedir-reformas-en-la,Las principales ligas europeas aumentan la presión sobre Infantino al pedir reformas en la FIFA,"Es el último enfrentamiento entre las ligas de fútbol e Infantino, cuyos proyectos más ambiciosos han sido vistos como una amenaza al fútbol nacional y frenados por la oposición de los dirigentes euro",Asamblea/Leyes,Asamblea/Leyes,,internacional,internacional,,,
